word:hi start_time:0:3 end_time:0:3,
word:guys start_time:0:3 end_time:0:3,
word:in start_time:0:3 end_time:0:4,
word:this start_time:0:4 end_time:0:4,
word:video start_time:0:4 end_time:0:4,
word:will start_time:0:4 end_time:0:4,
word:be start_time:0:4 end_time:0:4,
word:looking start_time:0:4 end_time:0:4,
word:at start_time:0:4 end_time:0:5,
word:the start_time:0:5 end_time:0:5,
word:principles start_time:0:5 end_time:0:5,
word:of start_time:0:5 end_time:0:5,
word:microscopy start_time:0:5 end_time:0:6,
word:magnification start_time:0:6 end_time:0:7,
word:and start_time:0:7 end_time:0:7,
word:resolution start_time:0:7 end_time:0:8,
word:the start_time:0:8 end_time:0:9,
word:light start_time:0:9 end_time:0:9,
word:microscope start_time:0:9 end_time:0:9,
word:laser start_time:0:9 end_time:0:10,
word:scanning start_time:0:10 end_time:0:10,
word:microscopes start_time:0:10 end_time:0:11,
word:and start_time:0:11 end_time:0:12,
word:then start_time:0:12 end_time:0:12,
word:we'll start_time:0:12 end_time:0:12,
word:finish start_time:0:12 end_time:0:12,
word:with start_time:0:12 end_time:0:12,
word:a start_time:0:12 end_time:0:12,
word:summary start_time:0:12 end_time:0:13,
word:so start_time:0:13 end_time:0:14,
word:we start_time:0:14 end_time:0:14,
word:need start_time:0:14 end_time:0:14,
word:to start_time:0:14 end_time:0:14,
word:understand start_time:0:14 end_time:0:14,
word:how start_time:0:14 end_time:0:14,
word:microscopy start_time:0:14 end_time:0:15,
word:actually start_time:0:15 end_time:0:15,
word:works start_time:0:15 end_time:0:16,
word:before start_time:0:16 end_time:0:16,
word:we start_time:0:16 end_time:0:16,
word:delve start_time:0:16 end_time:0:16,
word:into start_time:0:16 end_time:0:17,
word:how start_time:0:17 end_time:0:17,
word:the start_time:0:17 end_time:0:17,
word:microscopes start_time:0:17 end_time:0:18,
word:work start_time:0:18 end_time:0:18,
word:as start_time:0:18 end_time:0:18,
word:machines start_time:0:18 end_time:0:19,
word:so start_time:0:19 end_time:0:19,
word:when start_time:0:19 end_time:0:19,
word:we start_time:0:19 end_time:0:19,
word:looking start_time:0:19 end_time:0:20,
word:at start_time:0:20 end_time:0:20,
word:6 start_time:0:20 end_time:0:20,
word:instructions start_time:0:20 end_time:0:21,
word:with start_time:0:21 end_time:0:21,
word:the start_time:0:21 end_time:0:21,
word:human start_time:0:21 end_time:0:21,
word:eye start_time:0:21 end_time:0:21,
word:just start_time:0:21 end_time:0:22,
word:as start_time:0:22 end_time:0:22,
word:they start_time:0:22 end_time:0:22,
word:are start_time:0:22 end_time:0:22,
word:we start_time:0:22 end_time:0:23,
word:can start_time:0:23 end_time:0:23,
word:only start_time:0:23 end_time:0:23,
word:distinguish start_time:0:23 end_time:0:23,
word:things start_time:0:23 end_time:0:24,
word:that start_time:0:24 end_time:0:24,
word:are start_time:0:24 end_time:0:24,
word:about start_time:0:24 end_time:0:24,
word:no start_time:0:24 end_time:0:25,
word:point start_time:0:25 end_time:0:25,
word:1 start_time:0:25 end_time:0:25,
word:millimeters start_time:0:25 end_time:0:26,
word:apart start_time:0:26 end_time:0:26,
word:this start_time:0:26 end_time:0:27,
word:is start_time:0:27 end_time:0:27,
word:just start_time:0:27 end_time:0:27,
word:about start_time:0:27 end_time:0:27,
word:the start_time:0:27 end_time:0:27,
word:size start_time:0:27 end_time:0:27,
word:of start_time:0:27 end_time:0:28,
word:a start_time:0:28 end_time:0:28,
word:human start_time:0:28 end_time:0:28,
word:egg start_time:0:28 end_time:0:28,
word:So start_time:0:28 end_time:0:28,
word:Sick start_time:0:28 end_time:0:29,
word:by start_time:0:29 end_time:0:29,
word:ends start_time:0:29 end_time:0:30,
word:to start_time:0:30 end_time:0:30,
word:end start_time:0:30 end_time:0:30,
word:human start_time:0:30 end_time:0:30,
word:egg start_time:0:30 end_time:0:30,
word:cell start_time:0:30 end_time:0:31,
word:is start_time:0:31 end_time:0:31,
word:about start_time:0:31 end_time:0:31,
word:8.1 start_time:0:31 end_time:0:33,
word:millimeters start_time:0:33 end_time:0:34,
word:or start_time:0:34 end_time:0:34,
word:tenth start_time:0:34 end_time:0:34,
word:of start_time:0:34 end_time:0:34,
word:a start_time:0:34 end_time:0:34,
word:millimeter start_time:0:34 end_time:0:35,
word:the start_time:0:35 end_time:0:39,
word:problem start_time:0:39 end_time:0:40,
word:with start_time:0:40 end_time:0:40,
word:this start_time:0:40 end_time:0:40,
word:has start_time:0:40 end_time:0:40,
word:the start_time:0:40 end_time:0:40,
word:boil start_time:0:40 end_time:0:40,
word:just start_time:0:40 end_time:0:41,
word:wants start_time:0:41 end_time:0:41,
word:to start_time:0:41 end_time:0:41,
word:study start_time:0:41 end_time:0:41,
word:things start_time:0:41 end_time:0:41,
word:which start_time:0:41 end_time:0:42,
word:are start_time:0:42 end_time:0:42,
word:much start_time:0:42 end_time:0:42,
word:smaller start_time:0:42 end_time:0:42,
word:than start_time:0:42 end_time:0:42,
word:the start_time:0:42 end_time:0:42,
word:XL start_time:0:42 end_time:0:43,
word:like start_time:0:43 end_time:0:43,
word:bacteria start_time:0:43 end_time:0:44,
word:and start_time:0:44 end_time:0:44,
word:red start_time:0:44 end_time:0:45,
word:blood start_time:0:45 end_time:0:45,
word:cells start_time:0:45 end_time:0:45,
word:otherwise start_time:0:45 end_time:0:46,
word:we start_time:0:46 end_time:0:46,
word:wouldn't start_time:0:46 end_time:0:46,
word:get start_time:0:46 end_time:0:46,
word:far start_time:0:46 end_time:0:47,
word:and start_time:0:47 end_time:0:47,
word:understanding start_time:0:47 end_time:0:47,
word:biology start_time:0:47 end_time:0:48,
word:very start_time:0:48 end_time:0:48,
word:much start_time:0:48 end_time:0:48,
word:a start_time:0:48 end_time:0:48,
word:2-3 start_time:0:48 end_time:0:49,
word:zone start_time:0:49 end_time:0:49,
word:for start_time:0:49 end_time:0:49,
word:eukaryotic start_time:0:49 end_time:0:50,
word:cells start_time:0:50 end_time:0:51,
word:tend start_time:0:51 end_time:0:51,
word:to start_time:0:51 end_time:0:51,
word:be start_time:0:51 end_time:0:51,
word:roughly start_time:0:51 end_time:0:52,
word:once start_time:0:52 end_time:0:52,
word:is start_time:0:52 end_time:0:52,
word:20 start_time:0:52 end_time:0:53,
word:micrometers start_time:0:53 end_time:0:53,
word:in start_time:0:53 end_time:0:54,
word:size start_time:0:54 end_time:0:54,
word:bacterial start_time:0:54 end_time:0:55,
word:cells start_time:0:55 end_time:0:56,
word:are start_time:0:56 end_time:0:56,
word:often start_time:0:56 end_time:0:56,
word:notes start_time:0:56 end_time:0:57,
word:.1 start_time:0:57 end_time:0:58,
word:like start_time:0:58 end_time:0:58,
word:Reese's start_time:0:58 end_time:0:58,
word:inside start_time:0:58 end_time:0:59,
word:up start_time:0:59 end_time:0:59,
word:to start_time:0:59 end_time:0:59,
word:about start_time:0:59 end_time:0:59,
word:5 start_time:0:59 end_time:1:0,
word:so start_time:1:0 end_time:1:0,
word:they start_time:1:0 end_time:1:1,
word:can start_time:1:1 end_time:1:1,
word:be start_time:1:1 end_time:1:1,
word:really start_time:1:1 end_time:1:1,
word:small start_time:1:1 end_time:1:1,
word:and start_time:1:2 end_time:1:3,
word:they start_time:1:3 end_time:1:3,
word:always start_time:1:3 end_time:1:3,
word:a start_time:1:3 end_time:1:3,
word:limited start_time:1:3 end_time:1:4,
word:because start_time:1:4 end_time:1:4,
word:I start_time:1:4 end_time:1:4,
word:don't start_time:1:4 end_time:1:4,
word:have start_time:1:4 end_time:1:4,
word:enough start_time:1:4 end_time:1:4,
word:magnification start_time:1:4 end_time:1:5,
word:or start_time:1:5 end_time:1:6,
word:resolution start_time:1:6 end_time:1:6,
word:Witcher start_time:1:6 end_time:1:7,
word:2 start_time:1:7 end_time:1:7,
word:times start_time:1:7 end_time:1:7,
word:it start_time:1:7 end_time:1:7,
word:will start_time:1:7 end_time:1:8,
word:go start_time:1:8 end_time:1:8,
word:into start_time:1:8 end_time:1:8,
word:more start_time:1:8 end_time:1:8,
word:detail start_time:1:8 end_time:1:8,
word:about start_time:1:8 end_time:1:9,
word:in start_time:1:9 end_time:1:9,
word:the start_time:1:9 end_time:1:9,
word:next start_time:1:9 end_time:1:9,
word:slide start_time:1:9 end_time:1:10,
word:set start_time:1:10 end_time:1:11,
word:of start_time:1:11 end_time:1:11,
word:biology start_time:1:11 end_time:1:11,
word:we start_time:1:11 end_time:1:11,
word:have start_time:1:11 end_time:1:12,
word:to start_time:1:12 end_time:1:12,
word:increase start_time:1:12 end_time:1:12,
word:our start_time:1:12 end_time:1:12,
word:maximum start_time:1:12 end_time:1:13,
word:magnification start_time:1:13 end_time:1:13,
word:and start_time:1:13 end_time:1:15,
word:resolution start_time:1:15 end_time:1:15,
word:I start_time:1:15 end_time:1:16,
word:notice start_time:1:16 end_time:1:16,
word:to start_time:1:16 end_time:1:16,
word:do start_time:1:16 end_time:1:17,
word:this start_time:1:17 end_time:1:17,
word:we start_time:1:17 end_time:1:17,
word:use start_time:1:17 end_time:1:17,
word:microscopes start_time:1:17 end_time:1:18,
word:so start_time:1:18 end_time:1:19,
word:in start_time:1:19 end_time:1:19,
word:order start_time:1:19 end_time:1:19,
word:to start_time:1:19 end_time:1:19,
word:understand start_time:1:19 end_time:1:20,
word:how start_time:1:20 end_time:1:20,
word:microscopes start_time:1:20 end_time:1:20,
word:work start_time:1:20 end_time:1:20,
word:we start_time:1:20 end_time:1:21,
word:need start_time:1:21 end_time:1:21,
word:to start_time:1:21 end_time:1:21,
word:be start_time:1:21 end_time:1:21,
word:familiar start_time:1:21 end_time:1:21,
word:with start_time:1:21 end_time:1:22,
word:two start_time:1:22 end_time:1:22,
word:terms start_time:1:22 end_time:1:22,
word:which start_time:1:22 end_time:1:22,
word:are start_time:1:22 end_time:1:23,
word:magnification start_time:1:23 end_time:1:23,
word:and start_time:1:23 end_time:1:24,
word:resolution start_time:1:24 end_time:1:24,
word:so start_time:1:24 end_time:1:25,
word:I start_time:1:25 end_time:1:25,
word:will start_time:1:25 end_time:1:25,
word:always start_time:1:25 end_time:1:26,
word:have start_time:1:26 end_time:1:26,
word:strong start_time:1:26 end_time:1:26,
word:enough start_time:1:26 end_time:1:26,
word:advisory start_time:1:26 end_time:1:27,
word:fees start_time:1:27 end_time:1:27,
word:so start_time:1:27 end_time:1:28,
word:the start_time:1:28 end_time:1:28,
word:microscopes start_time:1:28 end_time:1:28,
word:have start_time:1:28 end_time:1:29,
word:to start_time:1:29 end_time:1:29,
word:have start_time:1:29 end_time:1:29,
word:enough start_time:1:29 end_time:1:30,
word:magnification start_time:1:30 end_time:1:30,
word:and start_time:1:30 end_time:1:30,
word:resolution start_time:1:30 end_time:1:31,
word:to start_time:1:31 end_time:1:31,
word:do start_time:1:31 end_time:1:31,
word:this start_time:1:31 end_time:1:31,
word:and start_time:1:31 end_time:1:32,
word:different start_time:1:32 end_time:1:33,
word:types start_time:1:33 end_time:1:33,
word:of start_time:1:33 end_time:1:33,
word:microscope start_time:1:33 end_time:1:34,
word:have start_time:1:34 end_time:1:34,
word:different start_time:1:34 end_time:1:34,
word:levels start_time:1:34 end_time:1:34,
word:of start_time:1:34 end_time:1:35,
word:each start_time:1:35 end_time:1:35,
word:with start_time:1:35 end_time:1:37,
word:increased start_time:1:37 end_time:1:37,
word:magnification start_time:1:37 end_time:1:37,
word:and start_time:1:37 end_time:1:38,
word:resolution start_time:1:38 end_time:1:38,
word:we start_time:1:38 end_time:1:39,
word:can start_time:1:39 end_time:1:39,
word:see start_time:1:39 end_time:1:40,
word:pictures start_time:1:40 end_time:1:40,
word:become start_time:1:40 end_time:1:41,
word:clear start_time:1:41 end_time:1:41,
word:that start_time:1:41 end_time:1:41,
word:we start_time:1:41 end_time:1:42,
word:can start_time:1:42 end_time:1:42,
word:also start_time:1:42 end_time:1:42,
word:see start_time:1:42 end_time:1:42,
word:more start_time:1:42 end_time:1:43,
word:detail start_time:1:43 end_time:1:43,
word:and start_time:1:43 end_time:1:43,
word:smaller start_time:1:43 end_time:1:44,
word:structures start_time:1:44 end_time:1:44,
word:Samantha start_time:1:44 end_time:1:46,
word:vacation start_time:1:46 end_time:1:47,
word:is start_time:1:47 end_time:1:47,
word:basically start_time:1:47 end_time:1:47,
word:describing start_time:1:47 end_time:1:48,
word:how start_time:1:48 end_time:1:48,
word:many start_time:1:48 end_time:1:48,
word:times start_time:1:48 end_time:1:48,
word:bigger start_time:1:48 end_time:1:49,
word:is start_time:1:49 end_time:1:49,
word:something start_time:1:49 end_time:1:49,
word:looks start_time:1:49 end_time:1:50,
word:when start_time:1:50 end_time:1:50,
word:we start_time:1:50 end_time:1:50,
word:put start_time:1:50 end_time:1:50,
word:it start_time:1:50 end_time:1:50,
word:under start_time:1:50 end_time:1:50,
word:a start_time:1:50 end_time:1:51,
word:microscope start_time:1:51 end_time:1:51,
word:so start_time:1:51 end_time:1:52,
word:how start_time:1:52 end_time:1:52,
word:much start_time:1:52 end_time:1:52,
word:bigger start_time:1:52 end_time:1:52,
word:the start_time:1:52 end_time:1:52,
word:image start_time:1:52 end_time:1:53,
word:is start_time:1:53 end_time:1:53,
word:down start_time:1:53 end_time:1:53,
word:the start_time:1:53 end_time:1:53,
word:real start_time:1:53 end_time:1:54,
word:thing start_time:1:54 end_time:1:54,
word:when start_time:1:54 end_time:1:54,
word:we start_time:1:54 end_time:1:54,
word:puts start_time:1:54 end_time:1:55,
word:it start_time:1:55 end_time:1:55,
word:into start_time:1:55 end_time:1:55,
word:the start_time:1:55 end_time:1:55,
word:microscope start_time:1:55 end_time:1:56,
word:simple start_time:1:56 end_time:1:57,
word:say start_time:1:57 end_time:1:57,
word:this start_time:1:57 end_time:1:57,
word:was start_time:1:57 end_time:1:58,
word:our start_time:1:58 end_time:1:58,
word:specimen start_time:1:58 end_time:1:58,
word:Amy start_time:1:58 end_time:1:59,
word:Kula start_time:1:59 end_time:1:59,
word:cell start_time:1:59 end_time:1:59,
word:or start_time:1:59 end_time:2:0,
word:something start_time:2:0 end_time:2:0,
word:so start_time:2:0 end_time:2:1,
word:the start_time:2:1 end_time:2:1,
word:eye start_time:2:1 end_time:2:1,
word:is start_time:2:1 end_time:2:2,
word:too start_time:2:2 end_time:2:2,
word:small start_time:2:2 end_time:2:2,
word:see start_time:2:2 end_time:2:3,
word:so start_time:2:3 end_time:2:3,
word:what start_time:2:3 end_time:2:3,
word:we start_time:2:3 end_time:2:3,
word:do start_time:2:3 end_time:2:4,
word:is start_time:2:4 end_time:2:4,
word:we start_time:2:4 end_time:2:4,
word:use start_time:2:4 end_time:2:4,
word:a start_time:2:4 end_time:2:4,
word:lens start_time:2:4 end_time:2:5,
word:which start_time:2:6 end_time:2:6,
word:has start_time:2:6 end_time:2:6,
word:a start_time:2:6 end_time:2:6,
word:Cubs start_time:2:6 end_time:2:7,
word:lost start_time:2:7 end_time:2:7,
word:object start_time:2:7 end_time:2:8,
word:which start_time:2:8 end_time:2:8,
word:can start_time:2:8 end_time:2:8,
word:magnify start_time:2:8 end_time:2:8,
word:the start_time:2:8 end_time:2:9,
word:specimen start_time:2:9 end_time:2:10,
word:to start_time:2:10 end_time:2:10,
word:look start_time:2:10 end_time:2:10,
word:like start_time:2:10 end_time:2:10,
word:a start_time:2:10 end_time:2:10,
word:large start_time:2:10 end_time:2:10,
word:image start_time:2:10 end_time:2:11,
word:of start_time:2:11 end_time:2:11,
word:a start_time:2:11 end_time:2:12,
word:specimen start_time:2:12 end_time:2:12,
word:the start_time:2:12 end_time:2:13,
word:light start_time:2:13 end_time:2:14,
word:goes start_time:2:14 end_time:2:14,
word:through start_time:2:14 end_time:2:14,
word:the start_time:2:14 end_time:2:14,
word:specimen start_time:2:14 end_time:2:14,
word:is start_time:2:14 end_time:2:15,
word:passed start_time:2:15 end_time:2:15,
word:through start_time:2:15 end_time:2:15,
word:the start_time:2:15 end_time:2:15,
word:lens start_time:2:15 end_time:2:15,
word:and start_time:2:15 end_time:2:16,
word:a start_time:2:16 end_time:2:16,
word:large start_time:2:16 end_time:2:17,
word:images start_time:2:17 end_time:2:17,
word:made start_time:2:17 end_time:2:17,
word:on start_time:2:17 end_time:2:18,
word:your start_time:2:18 end_time:2:18,
word:side start_time:2:18 end_time:2:18,
word:so start_time:2:18 end_time:2:19,
word:this start_time:2:19 end_time:2:19,
word:is start_time:2:19 end_time:2:19,
word:what start_time:2:19 end_time:2:19,
word:we start_time:2:19 end_time:2:19,
word:would start_time:2:19 end_time:2:19,
word:see start_time:2:19 end_time:2:19,
word:in start_time:2:19 end_time:2:20,
word:this start_time:2:20 end_time:2:20,
word:is start_time:2:20 end_time:2:20,
word:out start_time:2:20 end_time:2:20,
word:image start_time:2:20 end_time:2:21,
word:so start_time:2:21 end_time:2:21,
word:the start_time:2:21 end_time:2:21,
word:image start_time:2:21 end_time:2:22,
word:is start_time:2:22 end_time:2:22,
word:bigger start_time:2:22 end_time:2:22,
word:than start_time:2:22 end_time:2:22,
word:the start_time:2:22 end_time:2:22,
word:specimen start_time:2:22 end_time:2:23,
word:actually start_time:2:23 end_time:2:23,
word:is start_time:2:23 end_time:2:23,
word:in start_time:2:23 end_time:2:23,
word:real start_time:2:23 end_time:2:24,
word:life start_time:2:24 end_time:2:24,
word:and start_time:2:24 end_time:2:25,
word:that's start_time:2:25 end_time:2:25,
word:the start_time:2:25 end_time:2:25,
word:magnification start_time:2:25 end_time:2:26,
word:how start_time:2:26 end_time:2:26,
word:much start_time:2:26 end_time:2:26,
word:bigger start_time:2:26 end_time:2:27,
word:it start_time:2:27 end_time:2:27,
word:is start_time:2:27 end_time:2:27,
word:the start_time:2:27 end_time:2:27,
word:real start_time:2:27 end_time:2:28,
word:thing start_time:2:28 end_time:2:28,
word:for start_time:2:28 end_time:2:30,
word:the start_time:2:30 end_time:2:30,
word:microscope start_time:2:30 end_time:2:30,
word:is start_time:2:30 end_time:2:30,
word:the start_time:2:30 end_time:2:31,
word:greater start_time:2:31 end_time:2:31,
word:is start_time:2:31 end_time:2:31,
word:my start_time:2:31 end_time:2:32,
word:notification start_time:2:32 end_time:2:32,
word:so start_time:2:32 end_time:2:33,
word:if start_time:2:33 end_time:2:33,
word:we start_time:2:33 end_time:2:33,
word:had start_time:2:33 end_time:2:33,
word:that start_time:2:33 end_time:2:34,
word:specimen start_time:2:34 end_time:2:34,
word:again start_time:2:34 end_time:2:35,
word:here start_time:2:35 end_time:2:35,
word:in start_time:2:35 end_time:2:35,
word:the start_time:2:35 end_time:2:35,
word:middle start_time:2:35 end_time:2:36,
word:deposit start_time:2:36 end_time:2:37,
word:through start_time:2:37 end_time:2:37,
word:this start_time:2:37 end_time:2:37,
word:lens start_time:2:37 end_time:2:37,
word:then start_time:2:37 end_time:2:38,
word:we start_time:2:38 end_time:2:39,
word:end start_time:2:39 end_time:2:39,
word:up start_time:2:39 end_time:2:39,
word:with start_time:2:39 end_time:2:39,
word:a start_time:2:39 end_time:2:40,
word:particular start_time:2:40 end_time:2:41,
word:image start_time:2:41 end_time:2:41,
word:size start_time:2:41 end_time:2:41,
word:which start_time:2:41 end_time:2:42,
word:corresponds start_time:2:42 end_time:2:43,
word:to start_time:2:43 end_time:2:43,
word:this start_time:2:43 end_time:2:43,
word:if start_time:2:43 end_time:2:44,
word:we start_time:2:44 end_time:2:44,
word:use start_time:2:44 end_time:2:44,
word:a start_time:2:44 end_time:2:44,
word:slightly start_time:2:44 end_time:2:45,
word:more start_time:2:45 end_time:2:45,
word:powerful start_time:2:45 end_time:2:46,
word:microscope start_time:2:46 end_time:2:47,
word:we start_time:2:48 end_time:2:48,
word:talked start_time:2:48 end_time:2:48,
word:the start_time:2:48 end_time:2:49,
word:specimens start_time:2:49 end_time:2:49,
word:through start_time:2:49 end_time:2:49,
word:a start_time:2:49 end_time:2:49,
word:lens start_time:2:49 end_time:2:50,
word:again start_time:2:50 end_time:2:50,
word:man's start_time:2:50 end_time:2:51,
word:up start_time:2:51 end_time:2:51,
word:with start_time:2:51 end_time:2:51,
word:an start_time:2:51 end_time:2:52,
word:image start_time:2:52 end_time:2:52,
word:which start_time:2:52 end_time:2:52,
word:is start_time:2:52 end_time:2:52,
word:greater start_time:2:52 end_time:2:53,
word:and start_time:2:53 end_time:2:54,
word:with start_time:2:54 end_time:2:54,
word:a start_time:2:54 end_time:2:54,
word:larger start_time:2:54 end_time:2:54,
word:image start_time:2:54 end_time:2:55,
word:we start_time:2:55 end_time:2:55,
word:can start_time:2:55 end_time:2:55,
word:see start_time:2:55 end_time:2:55,
word:more start_time:2:55 end_time:2:55,
word:detail start_time:2:55 end_time:2:56,
word:than start_time:2:56 end_time:2:56,
word:the start_time:2:56 end_time:2:56,
word:smaller start_time:2:56 end_time:2:57,
word:image start_time:2:57 end_time:2:57,
word:and start_time:2:57 end_time:2:58,
word:this start_time:2:58 end_time:2:58,
word:means start_time:2:58 end_time:2:58,
word:the start_time:2:58 end_time:2:58,
word:lens start_time:2:58 end_time:2:59,
word:is start_time:2:59 end_time:2:59,
word:more start_time:2:59 end_time:2:59,
word:powerful start_time:2:59 end_time:2:59,
word:this start_time:3:0 end_time:3:1,
word:means start_time:3:1 end_time:3:1,
word:that start_time:3:1 end_time:3:1,
word:the start_time:3:1 end_time:3:1,
word:night start_time:3:1 end_time:3:1,
word:of start_time:3:1 end_time:3:2,
word:vacation start_time:3:2 end_time:3:2,
word:is start_time:3:2 end_time:3:2,
word:greater start_time:3:2 end_time:3:3,
word:but start_time:3:7 end_time:3:7,
word:my start_time:3:7 end_time:3:7,
word:expectation start_time:3:7 end_time:3:8,
word:is start_time:3:8 end_time:3:8,
word:not start_time:3:8 end_time:3:8,
word:the start_time:3:8 end_time:3:8,
word:same start_time:3:8 end_time:3:8,
word:as start_time:3:8 end_time:3:9,
word:resolution start_time:3:9 end_time:3:9,
word:resolution start_time:3:9 end_time:3:10,
word:and start_time:3:10 end_time:3:11,
word:magnification start_time:3:11 end_time:3:11,
word:are start_time:3:11 end_time:3:12,
word:completely start_time:3:12 end_time:3:12,
word:different start_time:3:12 end_time:3:13,
word:things start_time:3:13 end_time:3:13,
word:what's start_time:3:15 end_time:3:16,
word:the start_time:3:16 end_time:3:16,
word:resolution start_time:3:16 end_time:3:16,
word:is start_time:3:16 end_time:3:17,
word:something start_time:3:17 end_time:3:17,
word:that start_time:3:17 end_time:3:17,
word:describes start_time:3:17 end_time:3:17,
word:how start_time:3:17 end_time:3:18,
word:much start_time:3:18 end_time:3:18,
word:detail start_time:3:18 end_time:3:18,
word:we start_time:3:18 end_time:3:19,
word:can start_time:3:19 end_time:3:19,
word:see start_time:3:19 end_time:3:19,
word:how start_time:3:19 end_time:3:20,
word:much start_time:3:20 end_time:3:20,
word:fine start_time:3:20 end_time:3:20,
word:detail start_time:3:20 end_time:3:20,
word:we start_time:3:20 end_time:3:20,
word:can start_time:3:20 end_time:3:21,
word:see start_time:3:21 end_time:3:21,
word:in start_time:3:21 end_time:3:21,
word:an start_time:3:21 end_time:3:21,
word:image start_time:3:21 end_time:3:21,
word:so start_time:3:21 end_time:3:22,
word:something start_time:3:22 end_time:3:22,
word:with start_time:3:22 end_time:3:22,
word:a start_time:3:22 end_time:3:22,
word:greater start_time:3:22 end_time:3:23,
word:resolution start_time:3:23 end_time:3:23,
word:look start_time:3:23 end_time:3:24,
word:sharper start_time:3:24 end_time:3:25,
word:and start_time:3:25 end_time:3:25,
word:more start_time:3:25 end_time:3:25,
word:details start_time:3:25 end_time:3:26,
word:and start_time:3:26 end_time:3:26,
word:its start_time:3:26 end_time:3:26,
word:finest start_time:3:26 end_time:3:26,
word:structures start_time:3:26 end_time:3:27,
word:on start_time:3:27 end_time:3:28,
word:this start_time:3:28 end_time:3:28,
word:one start_time:3:28 end_time:3:28,
word:so start_time:3:28 end_time:3:29,
word:this start_time:3:29 end_time:3:29,
word:has start_time:3:29 end_time:3:29,
word:messed start_time:3:29 end_time:3:29,
word:resolution start_time:3:29 end_time:3:30,
word:this start_time:3:31 end_time:3:31,
word:one start_time:3:31 end_time:3:32,
word:has start_time:3:32 end_time:3:32,
word:more start_time:3:32 end_time:3:32,
word:this start_time:3:32 end_time:3:33,
word:is start_time:3:33 end_time:3:34,
word:quite start_time:3:34 end_time:3:34,
word:similar start_time:3:34 end_time:3:34,
word:to start_time:3:34 end_time:3:35,
word:a start_time:3:35 end_time:3:35,
word:TV start_time:3:35 end_time:3:35,
word:clear start_time:3:35 end_time:3:36,
word:up start_time:3:36 end_time:3:36,
word:shop start_time:3:36 end_time:3:36,
word:at start_time:3:36 end_time:3:37,
word:TVs start_time:3:37 end_time:3:37,
word:with start_time:3:37 end_time:3:37,
word:a start_time:3:37 end_time:3:37,
word:high start_time:3:37 end_time:3:38,
word:definition start_time:3:38 end_time:3:38,
word:have start_time:3:38 end_time:3:39,
word:more start_time:3:39 end_time:3:39,
word:resolution start_time:3:39 end_time:3:40,
word:than start_time:3:40 end_time:3:40,
word:those start_time:3:40 end_time:3:40,
word:the start_time:3:40 end_time:3:40,
word:look start_time:3:40 end_time:3:41,
word:a start_time:3:41 end_time:3:41,
word:bit start_time:3:41 end_time:3:41,
word:less start_time:3:41 end_time:3:41,
word:clear start_time:3:41 end_time:3:42,
word:the start_time:3:42 end_time:3:43,
word:way start_time:3:43 end_time:3:43,
word:that start_time:3:43 end_time:3:43,
word:we start_time:3:43 end_time:3:43,
word:Define start_time:3:43 end_time:3:44,
word:resolution start_time:3:44 end_time:3:44,
word:is start_time:3:44 end_time:3:45,
word:it start_time:3:45 end_time:3:45,
word:at start_time:3:45 end_time:3:45,
word:the start_time:3:45 end_time:3:45,
word:smallest start_time:3:45 end_time:3:45,
word:distance start_time:3:45 end_time:3:46,
word:that start_time:3:46 end_time:3:46,
word:two start_time:3:46 end_time:3:46,
word:objects start_time:3:46 end_time:3:47,
word:can start_time:3:47 end_time:3:47,
word:be start_time:3:47 end_time:3:47,
word:apart start_time:3:47 end_time:3:47,
word:still start_time:3:47 end_time:3:48,
word:appearing start_time:3:48 end_time:3:48,
word:as start_time:3:48 end_time:3:48,
word:two start_time:3:48 end_time:3:49,
word:objects start_time:3:49 end_time:3:49,
word:so start_time:3:49 end_time:3:50,
word:you start_time:3:50 end_time:3:50,
word:could start_time:3:50 end_time:3:50,
word:look start_time:3:50 end_time:3:50,
word:down start_time:3:50 end_time:3:50,
word:a start_time:3:50 end_time:3:50,
word:microscope start_time:3:50 end_time:3:51,
word:and start_time:3:51 end_time:3:52,
word:see start_time:3:52 end_time:3:52,
word:an start_time:3:52 end_time:3:52,
word:object start_time:3:52 end_time:3:53,
word:that start_time:3:53 end_time:3:53,
word:looks start_time:3:53 end_time:3:53,
word:like start_time:3:53 end_time:3:53,
word:a start_time:3:53 end_time:3:53,
word:big start_time:3:53 end_time:3:53,
word:block start_time:3:53 end_time:3:54,
word:with start_time:3:54 end_time:3:54,
word:two start_time:3:54 end_time:3:54,
word:sides start_time:3:54 end_time:3:55,
word:to start_time:3:55 end_time:3:55,
word:it start_time:3:55 end_time:3:55,
word:so start_time:3:55 end_time:3:55,
word:it start_time:3:55 end_time:3:55,
word:looks start_time:3:55 end_time:3:55,
word:like start_time:3:55 end_time:3:56,
word:one start_time:3:56 end_time:3:56,
word:object start_time:3:56 end_time:3:56,
word:and start_time:3:56 end_time:3:57,
word:the start_time:3:57 end_time:3:57,
word:resolution start_time:3:57 end_time:3:58,
word:is start_time:3:58 end_time:3:58,
word:not start_time:3:58 end_time:3:58,
word:great start_time:3:58 end_time:3:58,
word:because start_time:3:58 end_time:3:59,
word:in start_time:3:59 end_time:3:59,
word:real start_time:3:59 end_time:3:59,
word:life start_time:3:59 end_time:3:59,
word:that start_time:3:59 end_time:4:0,
word:two start_time:4:0 end_time:4:0,
word:separate start_time:4:0 end_time:4:0,
word:things start_time:4:0 end_time:4:1,
word:but start_time:4:1 end_time:4:1,
word:we start_time:4:1 end_time:4:2,
word:see start_time:4:2 end_time:4:2,
word:them start_time:4:2 end_time:4:2,
word:as start_time:4:2 end_time:4:2,
word:being start_time:4:2 end_time:4:2,
word:one start_time:4:2 end_time:4:3,
word:combined start_time:4:3 end_time:4:4,
word:object start_time:4:4 end_time:4:4,
word:if start_time:4:4 end_time:4:5,
word:we start_time:4:5 end_time:4:5,
word:go start_time:4:5 end_time:4:5,
word:down start_time:4:5 end_time:4:5,
word:and start_time:4:5 end_time:4:5,
word:increase start_time:4:5 end_time:4:6,
word:the start_time:4:6 end_time:4:6,
word:resolution start_time:4:6 end_time:4:6,
word:so start_time:4:8 end_time:4:8,
word:getting start_time:4:8 end_time:4:9,
word:a start_time:4:9 end_time:4:9,
word:more start_time:4:9 end_time:4:9,
word:powerful start_time:4:9 end_time:4:9,
word:microscope start_time:4:9 end_time:4:10,
word:then start_time:4:10 end_time:4:11,
word:this start_time:4:11 end_time:4:11,
word:means start_time:4:11 end_time:4:11,
word:that start_time:4:11 end_time:4:11,
word:the start_time:4:11 end_time:4:12,
word:objects start_time:4:12 end_time:4:12,
word:become start_time:4:12 end_time:4:13,
word:clearer start_time:4:13 end_time:4:13,
word:in start_time:4:13 end_time:4:13,
word:being start_time:4:13 end_time:4:14,
word:two start_time:4:14 end_time:4:14,
word:separate start_time:4:14 end_time:4:15,
word:objects start_time:4:15 end_time:4:15,
word:are start_time:4:16 end_time:4:16,
word:they start_time:4:16 end_time:4:16,
word:really start_time:4:16 end_time:4:17,
word:are start_time:4:17 end_time:4:17,
word:in start_time:4:17 end_time:4:17,
word:real start_time:4:17 end_time:4:17,
word:life start_time:4:17 end_time:4:17,
word:so start_time:4:17 end_time:4:19,
word:somewhere start_time:4:19 end_time:4:19,
word:safe start_time:4:19 end_time:4:19,
word:and start_time:4:19 end_time:4:20,
word:having start_time:4:20 end_time:4:20,
word:very start_time:4:20 end_time:4:20,
word:bad start_time:4:20 end_time:4:20,
word:eyesight start_time:4:20 end_time:4:21,
word:and start_time:4:21 end_time:4:21,
word:seeing start_time:4:21 end_time:4:21,
word:objects start_time:4:21 end_time:4:22,
word:around start_time:4:22 end_time:4:22,
word:the start_time:4:22 end_time:4:22,
word:room start_time:4:22 end_time:4:22,
word:thing start_time:4:22 end_time:4:23,
word:stop start_time:4:23 end_time:4:23,
word:blurring start_time:4:23 end_time:4:24,
word:into start_time:4:24 end_time:4:24,
word:each start_time:4:24 end_time:4:24,
word:other start_time:4:24 end_time:4:24,
word:because start_time:4:24 end_time:4:24,
word:your start_time:4:24 end_time:4:25,
word:resolution start_time:4:25 end_time:4:25,
word:isn't start_time:4:25 end_time:4:25,
word:as start_time:4:25 end_time:4:25,
word:good start_time:4:25 end_time:4:26,
word:when start_time:4:26 end_time:4:26,
word:you start_time:4:26 end_time:4:27,
word:shop start_time:4:27 end_time:4:27,
word:at start_time:4:27 end_time:4:27,
word:the start_time:4:27 end_time:4:27,
word:vision start_time:4:27 end_time:4:28,
word:glasses start_time:4:28 end_time:4:28,
word:lenses start_time:4:28 end_time:4:29,
word:in start_time:4:29 end_time:4:29,
word:you start_time:4:29 end_time:4:30,
word:realize start_time:4:30 end_time:4:30,
word:there start_time:4:30 end_time:4:30,
word:are start_time:4:30 end_time:4:30,
word:two start_time:4:30 end_time:4:30,
word:separate start_time:4:30 end_time:4:31,
word:objects start_time:4:31 end_time:4:31,
word:and start_time:4:31 end_time:4:31,
word:I start_time:4:31 end_time:4:31,
word:feel start_time:4:31 end_time:4:32,
word:your start_time:4:32 end_time:4:32,
word:resolution start_time:4:32 end_time:4:32,
word:has start_time:4:32 end_time:4:32,
word:gone start_time:4:32 end_time:4:33,
word:up start_time:4:33 end_time:4:33,
word:so start_time:4:33 end_time:4:33,
word:great start_time:4:33 end_time:4:34,
word:a start_time:4:34 end_time:4:34,
word:resolution start_time:4:34 end_time:4:34,
word:is start_time:4:34 end_time:4:34,
word:basa start_time:4:34 end_time:4:35,
word:because start_time:4:35 end_time:4:35,
word:when start_time:4:35 end_time:4:35,
word:we start_time:4:35 end_time:4:35,
word:look start_time:4:35 end_time:4:35,
word:into start_time:4:35 end_time:4:36,
word:the start_time:4:36 end_time:4:36,
word:cytoplasm start_time:4:36 end_time:4:36,
word:of start_time:4:36 end_time:4:37,
word:a start_time:4:37 end_time:4:37,
word:cell start_time:4:37 end_time:4:37,
word:fix start_time:4:37 end_time:4:37,
word:on start_time:4:37 end_time:4:37,
word:pool start_time:4:37 end_time:4:38,
word:we start_time:4:38 end_time:4:38,
word:might start_time:4:38 end_time:4:39,
word:see start_time:4:39 end_time:4:39,
word:one start_time:4:39 end_time:4:39,
word:blow start_time:4:39 end_time:4:39,
word:up start_time:4:39 end_time:4:39,
word:with start_time:4:39 end_time:4:40,
word:a start_time:4:40 end_time:4:40,
word:pull start_time:4:40 end_time:4:40,
word:microscope start_time:4:40 end_time:4:41,
word:but start_time:4:41 end_time:4:41,
word:if start_time:4:41 end_time:4:41,
word:we start_time:4:41 end_time:4:41,
word:can start_time:4:41 end_time:4:41,
word:increase start_time:4:41 end_time:4:42,
word:the start_time:4:42 end_time:4:42,
word:resolution start_time:4:42 end_time:4:42,
word:we start_time:4:42 end_time:4:43,
word:might start_time:4:43 end_time:4:43,
word:see start_time:4:43 end_time:4:43,
word:if start_time:4:43 end_time:4:43,
word:it's start_time:4:43 end_time:4:43,
word:actually start_time:4:43 end_time:4:44,
word:to start_time:4:44 end_time:4:44,
word:ribosomes start_time:4:44 end_time:4:44,
word:or start_time:4:44 end_time:4:45,
word:something start_time:4:45 end_time:4:45,
word:so start_time:4:45 end_time:4:46,
word:it start_time:4:46 end_time:4:46,
word:gives start_time:4:46 end_time:4:46,
word:us start_time:4:46 end_time:4:46,
word:a start_time:4:46 end_time:4:46,
word:little start_time:4:46 end_time:4:46,
word:more start_time:4:46 end_time:4:46,
word:detail start_time:4:46 end_time:4:47,
word:so start_time:4:47 end_time:4:49,
word:to start_time:4:49 end_time:4:49,
word:summarize start_time:4:49 end_time:4:49,
word:the start_time:4:49 end_time:4:49,
word:difference start_time:4:49 end_time:4:50,
word:between start_time:4:50 end_time:4:50,
word:magnification start_time:4:50 end_time:4:50,
word:and start_time:4:50 end_time:4:51,
word:resolution start_time:4:51 end_time:4:51,
word:magnification start_time:4:51 end_time:4:52,
word:is start_time:4:52 end_time:4:53,
word:how start_time:4:53 end_time:4:53,
word:many start_time:4:53 end_time:4:53,
word:times start_time:4:53 end_time:4:53,
word:larger start_time:4:53 end_time:4:53,
word:an start_time:4:53 end_time:4:54,
word:image start_time:4:54 end_time:4:54,
word:of start_time:4:54 end_time:4:54,
word:his start_time:4:54 end_time:4:55,
word:compared start_time:4:55 end_time:4:55,
word:to start_time:4:55 end_time:4:55,
word:the start_time:4:55 end_time:4:55,
word:real start_time:4:55 end_time:4:55,
word:thing start_time:4:55 end_time:4:56,
word:as start_time:4:56 end_time:4:56,
word:a start_time:4:56 end_time:4:56,
word:resolution start_time:4:56 end_time:4:57,
word:is start_time:4:57 end_time:4:57,
word:the start_time:4:57 end_time:4:58,
word:smallest start_time:4:58 end_time:4:58,
word:distance start_time:4:58 end_time:4:58,
word:between start_time:4:58 end_time:4:59,
word:two start_time:4:59 end_time:4:59,
word:distinguishable start_time:4:59 end_time:5:0,
word:points start_time:5:0 end_time:5:0,
word:and start_time:5:0 end_time:5:1,
word:once start_time:5:1 end_time:5:1,
word:they start_time:5:1 end_time:5:1,
word:become start_time:5:1 end_time:5:1,
word:one start_time:5:1 end_time:5:2,
word:point start_time:5:2 end_time:5:2,
word:you start_time:5:2 end_time:5:2,
word:can start_time:5:2 end_time:5:2,
word:pass start_time:5:2 end_time:5:3,
word:the start_time:5:3 end_time:5:3,
word:reservations start_time:5:3 end_time:5:3,
word:living start_time:5:3 end_time:5:4,
word:about start_time:5:4 end_time:5:5,
word:the start_time:5:5 end_time:5:5,
word:light start_time:5:5 end_time:5:5,
word:microscope start_time:5:5 end_time:5:6,
word:has start_time:5:6 end_time:5:6,
word:a start_time:5:6 end_time:5:6,
word:piece start_time:5:6 end_time:5:7,
word:of start_time:5:7 end_time:5:7,
word:equipment start_time:5:7 end_time:5:7,
word:they start_time:5:7 end_time:5:8,
word:were start_time:5:8 end_time:5:8,
word:the start_time:5:8 end_time:5:8,
word:first start_time:5:8 end_time:5:8,
word:ones start_time:5:8 end_time:5:8,
word:to start_time:5:8 end_time:5:8,
word:be start_time:5:8 end_time:5:9,
word:designed start_time:5:9 end_time:5:9,
word:and start_time:5:9 end_time:5:9,
word:it's start_time:5:9 end_time:5:9,
word:still start_time:5:9 end_time:5:9,
word:the start_time:5:9 end_time:5:10,
word:most start_time:5:10 end_time:5:10,
word:common start_time:5:10 end_time:5:10,
word:ones start_time:5:10 end_time:5:10,
word:they start_time:5:10 end_time:5:10,
word:used start_time:5:10 end_time:5:11,
word:to start_time:5:11 end_time:5:11,
word:have start_time:5:11 end_time:5:12,
word:subitizing start_time:5:12 end_time:5:12,
word:microscope start_time:5:12 end_time:5:13,
word:basically start_time:5:13 end_time:5:14,
word:we start_time:5:14 end_time:5:14,
word:use start_time:5:14 end_time:5:14,
word:lights start_time:5:14 end_time:5:15,
word:coming start_time:5:15 end_time:5:15,
word:from start_time:5:15 end_time:5:15,
word:a start_time:5:15 end_time:5:15,
word:light start_time:5:15 end_time:5:15,
word:source start_time:5:15 end_time:5:16,
word:in start_time:5:16 end_time:5:16,
word:the start_time:5:16 end_time:5:16,
word:bottom start_time:5:16 end_time:5:16,
word:of start_time:5:16 end_time:5:16,
word:the start_time:5:16 end_time:5:17,
word:microscope start_time:5:17 end_time:5:17,
word:and start_time:5:17 end_time:5:17,
word:we start_time:5:17 end_time:5:18,
word:pass start_time:5:18 end_time:5:18,
word:it start_time:5:18 end_time:5:18,
word:through start_time:5:18 end_time:5:18,
word:the start_time:5:18 end_time:5:18,
word:specimen start_time:5:18 end_time:5:19,
word:which start_time:5:19 end_time:5:19,
word:has start_time:5:19 end_time:5:19,
word:been start_time:5:19 end_time:5:19,
word:put start_time:5:19 end_time:5:19,
word:onto start_time:5:19 end_time:5:20,
word:a start_time:5:20 end_time:5:20,
word:glass start_time:5:20 end_time:5:20,
word:Slide start_time:5:20 end_time:5:20,
word:the start_time:5:20 end_time:5:21,
word:image start_time:5:21 end_time:5:21,
word:of start_time:5:21 end_time:5:21,
word:this start_time:5:21 end_time:5:21,
word:goes start_time:5:21 end_time:5:22,
word:through start_time:5:22 end_time:5:22,
word:and start_time:5:22 end_time:5:22,
word:then start_time:5:22 end_time:5:22,
word:it start_time:5:22 end_time:5:22,
word:gets start_time:5:22 end_time:5:23,
word:magnified start_time:5:23 end_time:5:23,
word:again start_time:5:23 end_time:5:24,
word:into start_time:5:24 end_time:5:24,
word:our start_time:5:24 end_time:5:24,
word:eyes start_time:5:24 end_time:5:25,
word:so start_time:5:25 end_time:5:25,
word:this start_time:5:25 end_time:5:25,
word:is start_time:5:25 end_time:5:25,
word:kind start_time:5:25 end_time:5:25,
word:of start_time:5:25 end_time:5:26,
word:a start_time:5:26 end_time:5:26,
word:simplify start_time:5:26 end_time:5:26,
word:dog start_time:5:26 end_time:5:26,
word:out start_time:5:26 end_time:5:27,
word:of start_time:5:27 end_time:5:27,
word:what's start_time:5:27 end_time:5:27,
word:Happening start_time:5:27 end_time:5:27,
word:we start_time:5:27 end_time:5:27,
word:have start_time:5:27 end_time:5:28,
word:a start_time:5:28 end_time:5:28,
word:light start_time:5:28 end_time:5:28,
word:source start_time:5:28 end_time:5:28,
word:sending start_time:5:28 end_time:5:29,
word:light start_time:5:29 end_time:5:29,
word:through start_time:5:29 end_time:5:30,
word:a start_time:5:30 end_time:5:30,
word:specimen start_time:5:30 end_time:5:30,
word:eventually start_time:5:31 end_time:5:32,
word:it start_time:5:32 end_time:5:32,
word:will start_time:5:32 end_time:5:32,
word:be start_time:5:32 end_time:5:32,
word:magnified start_time:5:32 end_time:5:33,
word:by start_time:5:33 end_time:5:33,
word:various start_time:5:33 end_time:5:33,
word:lenses start_time:5:33 end_time:5:34,
word:until start_time:5:34 end_time:5:35,
word:we start_time:5:35 end_time:5:35,
word:see start_time:5:35 end_time:5:35,
word:it start_time:5:35 end_time:5:35,
word:in start_time:5:35 end_time:5:35,
word:our start_time:5:35 end_time:5:35,
word:eyes start_time:5:35 end_time:5:36,
word:so start_time:5:36 end_time:5:36,
word:we start_time:5:36 end_time:5:37,
word:see start_time:5:37 end_time:5:37,
word:the start_time:5:37 end_time:5:37,
word:specimen start_time:5:37 end_time:5:37,
word:being start_time:5:37 end_time:5:38,
word:bigger start_time:5:38 end_time:5:38,
word:than start_time:5:38 end_time:5:38,
word:it start_time:5:38 end_time:5:39,
word:really start_time:5:39 end_time:5:39,
word:is start_time:5:39 end_time:5:39,
word:in start_time:5:39 end_time:5:40,
word:real start_time:5:40 end_time:5:40,
word:life start_time:5:40 end_time:5:40,
word:and start_time:5:40 end_time:5:41,
word:usually start_time:5:41 end_time:5:41,
word:looking start_time:5:41 end_time:5:41,
word:at start_time:5:41 end_time:5:41,
word:light start_time:5:41 end_time:5:41,
word:microscope start_time:5:41 end_time:5:42,
word:this start_time:5:42 end_time:5:42,
word:will start_time:5:42 end_time:5:43,
word:be start_time:5:43 end_time:5:43,
word:the start_time:5:43 end_time:5:43,
word:light start_time:5:43 end_time:5:43,
word:source start_time:5:43 end_time:5:43,
word:this start_time:5:43 end_time:5:44,
word:would start_time:5:44 end_time:5:44,
word:be start_time:5:44 end_time:5:45,
word:why start_time:5:45 end_time:5:45,
word:replace start_time:5:45 end_time:5:45,
word:of start_time:5:45 end_time:5:45,
word:specimen start_time:5:45 end_time:5:46,
word:and start_time:5:47 end_time:5:47,
word:we start_time:5:47 end_time:5:48,
word:look start_time:5:48 end_time:5:48,
word:down start_time:5:48 end_time:5:48,
word:the start_time:5:48 end_time:5:48,
word:microscope start_time:5:48 end_time:5:49,
word:into start_time:5:49 end_time:5:49,
word:these start_time:5:49 end_time:5:49,
word:eyepieces start_time:5:49 end_time:5:50,
word:to start_time:5:50 end_time:5:50,
word:see start_time:5:50 end_time:5:50,
word:the start_time:5:50 end_time:5:51,
word:light start_time:5:51 end_time:5:51,
word:coming start_time:5:51 end_time:5:51,
word:through start_time:5:51 end_time:5:51,
word:the start_time:5:51 end_time:5:52,
word:light start_time:5:52 end_time:5:52,
word:magnified start_time:5:52 end_time:5:53,
word:into start_time:5:53 end_time:5:53,
word:a start_time:5:53 end_time:5:53,
word:large start_time:5:53 end_time:5:53,
word:image start_time:5:53 end_time:5:54,
word:for start_time:5:54 end_time:5:54,
word:us start_time:5:54 end_time:5:54,
word:so start_time:5:55 end_time:5:56,
word:the start_time:5:56 end_time:5:56,
word:reason start_time:5:56 end_time:5:56,
word:that start_time:5:56 end_time:5:56,
word:the start_time:5:56 end_time:5:57,
word:most start_time:5:57 end_time:5:57,
word:common start_time:5:57 end_time:5:57,
word:type start_time:5:57 end_time:5:57,
word:of start_time:5:57 end_time:5:57,
word:microscope start_time:5:57 end_time:5:58,
word:all start_time:5:58 end_time:5:58,
word:because start_time:5:58 end_time:5:58,
word:of start_time:5:58 end_time:5:58,
word:several start_time:5:58 end_time:5:59,
word:reasons start_time:5:59 end_time:5:59,
word:Festival start_time:5:59 end_time:6:0,
word:they're start_time:6:0 end_time:6:0,
word:relatively start_time:6:0 end_time:6:1,
word:cheap start_time:6:1 end_time:6:1,
word:a start_time:6:1 end_time:6:1,
word:cheap start_time:6:1 end_time:6:2,
word:to start_time:6:2 end_time:6:2,
word:build start_time:6:2 end_time:6:2,
word:and start_time:6:2 end_time:6:2,
word:they're start_time:6:2 end_time:6:2,
word:cheap start_time:6:2 end_time:6:3,
word:to start_time:6:3 end_time:6:3,
word:buy start_time:6:3 end_time:6:3,
word:enough start_time:6:3 end_time:6:3,
word:for start_time:6:3 end_time:6:4,
word:that start_time:6:4 end_time:6:4,
word:very start_time:6:4 end_time:6:4,
word:accessible start_time:6:4 end_time:6:4,
word:there start_time:6:4 end_time:6:5,
word:was start_time:6:5 end_time:6:5,
word:an start_time:6:5 end_time:6:5,
word:easy-to-use start_time:6:5 end_time:6:6,
word:Texas start_time:6:6 end_time:6:8,
word:get start_time:6:8 end_time:6:8,
word:used start_time:6:8 end_time:6:8,
word:to start_time:6:8 end_time:6:8,
word:it start_time:6:8 end_time:6:8,
word:then start_time:6:8 end_time:6:9,
word:once start_time:6:9 end_time:6:9,
word:you start_time:6:9 end_time:6:9,
word:let start_time:6:9 end_time:6:9,
word:them start_time:6:9 end_time:6:10,
word:even start_time:6:10 end_time:6:10,
word:young start_time:6:10 end_time:6:10,
word:kids start_time:6:10 end_time:6:10,
word:can start_time:6:10 end_time:6:10,
word:use start_time:6:10 end_time:6:11,
word:them start_time:6:11 end_time:6:11,
word:and start_time:6:11 end_time:6:12,
word:I start_time:6:12 end_time:6:12,
word:can start_time:6:12 end_time:6:12,
word:also start_time:6:12 end_time:6:12,
word:be start_time:6:12 end_time:6:13,
word:used start_time:6:13 end_time:6:13,
word:to start_time:6:13 end_time:6:13,
word:study start_time:6:13 end_time:6:13,
word:living start_time:6:13 end_time:6:13,
word:tissues start_time:6:13 end_time:6:14,
word:or start_time:6:14 end_time:6:14,
word:cells start_time:6:14 end_time:6:14,
word:some start_time:6:14 end_time:6:15,
word:are start_time:6:15 end_time:6:15,
word:just start_time:6:15 end_time:6:15,
word:going start_time:6:15 end_time:6:16,
word:to start_time:6:16 end_time:6:16,
word:have start_time:6:16 end_time:6:16,
word:to start_time:6:16 end_time:6:16,
word:kill start_time:6:16 end_time:6:16,
word:the start_time:6:16 end_time:6:16,
word:South start_time:6:16 end_time:6:17,
word:full start_time:6:17 end_time:6:17,
word:day start_time:6:17 end_time:6:17,
word:can start_time:6:17 end_time:6:17,
word:do start_time:6:17 end_time:6:17,
word:them start_time:6:17 end_time:6:18,
word:but start_time:6:18 end_time:6:18,
word:in start_time:6:18 end_time:6:18,
word:the start_time:6:18 end_time:6:18,
word:light start_time:6:18 end_time:6:18,
word:microscope start_time:6:18 end_time:6:18,
word:case start_time:6:18 end_time:6:19,
word:if start_time:6:19 end_time:6:20,
word:you start_time:6:20 end_time:6:20,
word:provide start_time:6:20 end_time:6:20,
word:a start_time:6:20 end_time:6:20,
word:specimen start_time:6:20 end_time:6:21,
word:caught start_time:6:21 end_time:6:21,
word:recently start_time:6:21 end_time:6:21,
word:that start_time:6:21 end_time:6:22,
word:sell start_time:6:22 end_time:6:22,
word:might start_time:6:22 end_time:6:22,
word:still start_time:6:22 end_time:6:23,
word:be start_time:6:23 end_time:6:23,
word:alive start_time:6:23 end_time:6:23,
word:I start_time:6:23 end_time:6:23,
word:would start_time:6:23 end_time:6:24,
word:so start_time:6:24 end_time:6:24,
word:we start_time:6:24 end_time:6:24,
word:can start_time:6:24 end_time:6:24,
word:see start_time:6:24 end_time:6:24,
word:it start_time:6:24 end_time:6:24,
word:actually start_time:6:24 end_time:6:24,
word:before start_time:6:24 end_time:6:25,
word:me start_time:6:25 end_time:6:25,
word:princesses start_time:6:25 end_time:6:26,
word:in start_time:6:26 end_time:6:26,
word:real start_time:6:26 end_time:6:26,
word:time start_time:6:26 end_time:6:27,
word:do start_time:6:27 end_time:6:28,
word:I start_time:6:28 end_time:6:28,
word:make start_time:6:28 end_time:6:29,
word:a start_time:6:29 end_time:6:29,
word:Skype start_time:6:29 end_time:6:29,
word:show start_time:6:29 end_time:6:29,
word:us start_time:6:29 end_time:6:29,
word:a start_time:6:29 end_time:6:29,
word:2D start_time:6:29 end_time:6:30,
word:image start_time:6:30 end_time:6:30,
word:of start_time:6:30 end_time:6:30,
word:the start_time:6:30 end_time:6:30,
word:living start_time:6:30 end_time:6:31,
word:cells start_time:6:31 end_time:6:31,
word:so start_time:6:31 end_time:6:32,
word:what start_time:6:32 end_time:6:32,
word:so start_time:6:32 end_time:6:32,
word:you start_time:6:32 end_time:6:32,
word:have start_time:6:32 end_time:6:32,
word:to start_time:6:32 end_time:6:32,
word:remember start_time:6:32 end_time:6:32,
word:that start_time:6:32 end_time:6:33,
word:sells start_time:6:33 end_time:6:33,
word:aunt start_time:6:33 end_time:6:33,
word:just start_time:6:33 end_time:6:33,
word:squares start_time:6:33 end_time:6:34,
word:or start_time:6:34 end_time:6:34,
word:circles start_time:6:34 end_time:6:34,
word:on start_time:6:34 end_time:6:34,
word:a start_time:6:34 end_time:6:35,
word:piece start_time:6:35 end_time:6:35,
word:of start_time:6:35 end_time:6:35,
word:paper start_time:6:35 end_time:6:35,
word:that start_time:6:35 end_time:6:36,
word:3D start_time:6:36 end_time:6:36,
word:objects start_time:6:36 end_time:6:37,
word:off start_time:6:37 end_time:6:37,
word:in start_time:6:37 end_time:6:37,
word:the start_time:6:37 end_time:6:37,
word:shape start_time:6:37 end_time:6:37,
word:of start_time:6:37 end_time:6:38,
word:3D start_time:6:38 end_time:6:38,
word:shapes start_time:6:38 end_time:6:38,
word:like start_time:6:38 end_time:6:39,
word:Paulo start_time:6:39 end_time:6:39,
word:Gonzo start_time:6:39 end_time:6:39,
word:cubes start_time:6:39 end_time:6:40,
word:so start_time:6:40 end_time:6:41,
word:you start_time:6:41 end_time:6:41,
word:have start_time:6:41 end_time:6:41,
word:to start_time:6:41 end_time:6:41,
word:be start_time:6:41 end_time:6:41,
word:aware start_time:6:41 end_time:6:42,
word:that start_time:6:42 end_time:6:42,
word:this start_time:6:42 end_time:6:42,
word:is start_time:6:42 end_time:6:42,
word:just start_time:6:42 end_time:6:42,
word:taking start_time:6:42 end_time:6:43,
word:a start_time:6:43 end_time:6:43,
word:slice start_time:6:43 end_time:6:43,
word:through start_time:6:43 end_time:6:44,
word:a start_time:6:44 end_time:6:44,
word:3D start_time:6:44 end_time:6:44,
word:Network start_time:6:44 end_time:6:45,
word:and start_time:6:45 end_time:6:46,
word:the start_time:6:46 end_time:6:46,
word:way start_time:6:46 end_time:6:46,
word:they start_time:6:46 end_time:6:46,
word:work start_time:6:46 end_time:6:46,
word:is start_time:6:46 end_time:6:47,
word:because start_time:6:47 end_time:6:47,
word:we start_time:6:47 end_time:6:47,
word:said start_time:6:47 end_time:6:47,
word:they start_time:6:47 end_time:6:47,
word:had start_time:6:47 end_time:6:47,
word:a start_time:6:47 end_time:6:48,
word:light start_time:6:48 end_time:6:48,
word:source start_time:6:48 end_time:6:48,
word:that start_time:6:48 end_time:6:48,
word:use start_time:6:48 end_time:6:49,
word:visible start_time:6:49 end_time:6:49,
word:lights start_time:6:49 end_time:6:49,
word:in start_time:6:49 end_time:6:50,
word:the start_time:6:50 end_time:6:50,
word:Spectrum start_time:6:50 end_time:6:50,
word:to start_time:6:50 end_time:6:50,
word:create start_time:6:50 end_time:6:51,
word:an start_time:6:51 end_time:6:51,
word:image start_time:6:51 end_time:6:51,
word:the start_time:6:51 end_time:6:52,
word:human start_time:6:52 end_time:6:52,
word:eye start_time:6:52 end_time:6:52,
word:can start_time:6:52 end_time:6:52,
word:only start_time:6:52 end_time:6:52,
word:see start_time:6:52 end_time:6:52,
word:visible start_time:6:52 end_time:6:53,
word:light start_time:6:53 end_time:6:53,
word:which start_time:6:53 end_time:6:53,
word:is start_time:6:53 end_time:6:54,
word:a start_time:6:54 end_time:6:54,
word:particular start_time:6:54 end_time:6:54,
word:range start_time:6:54 end_time:6:54,
word:of start_time:6:54 end_time:6:55,
word:wavelengths start_time:6:55 end_time:6:55,
word:in start_time:6:55 end_time:6:55,
word:the start_time:6:55 end_time:6:55,
word:electromagnetic start_time:6:55 end_time:6:56,
word:spectrum start_time:6:56 end_time:6:56,
word:if start_time:6:56 end_time:6:58,
word:we start_time:6:58 end_time:6:58,
word:used start_time:6:58 end_time:6:58,
word:all start_time:6:58 end_time:6:58,
word:the start_time:6:58 end_time:6:58,
word:types start_time:6:58 end_time:6:58,
word:of start_time:6:58 end_time:6:58,
word:radiation start_time:6:58 end_time:6:59,
word:we start_time:6:59 end_time:6:59,
word:would start_time:6:59 end_time:6:59,
word:never start_time:6:59 end_time:7:0,
word:see start_time:7:0 end_time:7:0,
word:it start_time:7:0 end_time:7:0,
word:because start_time:7:0 end_time:7:1,
word:they start_time:7:1 end_time:7:1,
word:use start_time:7:1 end_time:7:2,
word:visible start_time:7:2 end_time:7:2,
word:light start_time:7:2 end_time:7:2,
word:that start_time:7:2 end_time:7:3,
word:resolution start_time:7:3 end_time:7:3,
word:is start_time:7:3 end_time:7:3,
word:limited start_time:7:3 end_time:7:4,
word:to start_time:7:4 end_time:7:4,
word:about start_time:7:4 end_time:7:4,
word:two start_time:7:4 end_time:7:4,
word:hundred start_time:7:4 end_time:7:4,
word:on start_time:7:4 end_time:7:5,
word:em start_time:7:5 end_time:7:5,
word:and start_time:7:5 end_time:7:6,
word:then start_time:7:6 end_time:7:6,
word:magnification start_time:7:6 end_time:7:7,
word:to start_time:7:7 end_time:7:7,
word:about start_time:7:7 end_time:7:7,
word:x start_time:7:7 end_time:7:8,
word:2,000 start_time:7:8 end_time:7:9
word:so start_time:7:9 end_time:7:9,
word:what start_time:7:9 end_time:7:9,
word:does start_time:7:9 end_time:7:10,
word:this start_time:7:10 end_time:7:10,
word:mean start_time:7:10 end_time:7:10,
word:if start_time:7:10 end_time:7:10,
word:I start_time:7:10 end_time:7:10,
word:was start_time:7:10 end_time:7:10,
word:at start_time:7:10 end_time:7:10,
word:the start_time:7:10 end_time:7:10,
word:definitions start_time:7:10 end_time:7:11,
word:we start_time:7:11 end_time:7:11,
word:just start_time:7:11 end_time:7:11,
word:talked start_time:7:11 end_time:7:12,
word:about start_time:7:12 end_time:7:12,
word:a start_time:7:12 end_time:7:12,
word:resolution start_time:7:12 end_time:7:13,
word:of start_time:7:13 end_time:7:13,
word:219 start_time:7:13 end_time:7:14,
word:means start_time:7:14 end_time:7:15,
word:that start_time:7:15 end_time:7:15,
word:if start_time:7:15 end_time:7:15,
word:we start_time:7:15 end_time:7:15,
word:was start_time:7:15 end_time:7:16,
word:to start_time:7:16 end_time:7:16,
word:look start_time:7:16 end_time:7:16,
word:at start_time:7:16 end_time:7:16,
word:two start_time:7:16 end_time:7:17,
word:objects start_time:7:17 end_time:7:17,
word:and start_time:7:17 end_time:7:18,
word:the start_time:7:18 end_time:7:18,
word:distance start_time:7:18 end_time:7:18,
word:of start_time:7:18 end_time:7:19,
word:209 start_time:7:19 end_time:7:19,
word:M start_time:7:19 end_time:7:19,
word:we'd start_time:7:19 end_time:7:20,
word:be start_time:7:20 end_time:7:20,
word:able start_time:7:20 end_time:7:21,
word:to start_time:7:21 end_time:7:21,
word:tell start_time:7:21 end_time:7:21,
word:that start_time:7:21 end_time:7:21,
word:they start_time:7:21 end_time:7:21,
word:were start_time:7:21 end_time:7:21,
word:pause start_time:7:21 end_time:7:22,
word:if start_time:7:23 end_time:7:23,
word:we start_time:7:23 end_time:7:23,
word:look start_time:7:23 end_time:7:23,
word:down start_time:7:23 end_time:7:24,
word:any start_time:7:24 end_time:7:24,
word:smaller start_time:7:24 end_time:7:25,
word:like start_time:7:25 end_time:7:25,
word:109 start_time:7:25 end_time:7:26,
word:we start_time:7:26 end_time:7:27,
word:wouldn't start_time:7:27 end_time:7:27,
word:be start_time:7:27 end_time:7:27,
word:able start_time:7:27 end_time:7:27,
word:to start_time:7:27 end_time:7:27,
word:tell start_time:7:27 end_time:7:28,
word:what start_time:7:28 end_time:7:28,
word:they start_time:7:28 end_time:7:28,
word:were start_time:7:28 end_time:7:28,
word:two start_time:7:28 end_time:7:28,
word:objects start_time:7:28 end_time:7:29,
word:it start_time:7:29 end_time:7:29,
word:would start_time:7:29 end_time:7:29,
word:look start_time:7:29 end_time:7:29,
word:like start_time:7:29 end_time:7:29,
word:one start_time:7:29 end_time:7:30,
word:blood start_time:7:30 end_time:7:30,
word:object start_time:7:30 end_time:7:30,
word:magnification start_time:7:30 end_time:7:31,
word:of start_time:7:31 end_time:7:31,
word:times start_time:7:31 end_time:7:32,
word:2016 start_time:7:32 end_time:7:33,
word:means start_time:7:33 end_time:7:33,
word:that start_time:7:33 end_time:7:33,
word:the start_time:7:33 end_time:7:33,
word:specimen start_time:7:33 end_time:7:34,
word:pets start_time:7:34 end_time:7:35,
word:reimage start_time:7:35 end_time:7:36,
word:is start_time:7:36 end_time:7:36,
word:2000 start_time:7:36 end_time:7:38,
word:times start_time:7:38 end_time:7:38,
word:more start_time:7:38 end_time:7:38,
word:so start_time:7:38 end_time:7:39,
word:the start_time:7:39 end_time:7:39,
word:image start_time:7:39 end_time:7:39,
word:is start_time:7:39 end_time:7:39,
word:2000 start_time:7:39 end_time:7:40,
word:times start_time:7:40 end_time:7:40,
word:bigger start_time:7:40 end_time:7:40,
word:than start_time:7:40 end_time:7:40,
word:the start_time:7:40 end_time:7:40,
word:real start_time:7:40 end_time:7:41,
word:thing start_time:7:41 end_time:7:41,
word:I'm start_time:7:41 end_time:7:42,
word:not start_time:7:42 end_time:7:42,
word:the start_time:7:42 end_time:7:42,
word:type start_time:7:42 end_time:7:42,
word:of start_time:7:42 end_time:7:42,
word:microscope start_time:7:42 end_time:7:43,
word:is start_time:7:43 end_time:7:43,
word:known start_time:7:43 end_time:7:43,
word:as start_time:7:43 end_time:7:43,
word:a start_time:7:43 end_time:7:43,
word:laser start_time:7:43 end_time:7:43,
word:scanning start_time:7:43 end_time:7:44,
word:microscope start_time:7:44 end_time:7:45,
word:they start_time:7:45 end_time:7:45,
word:use start_time:7:45 end_time:7:45,
word:a start_time:7:45 end_time:7:45,
word:high-powered start_time:7:45 end_time:7:46,
word:beam start_time:7:46 end_time:7:46,
word:or start_time:7:46 end_time:7:46,
word:later start_time:7:46 end_time:7:47,
word:flights start_time:7:47 end_time:7:47,
word:to start_time:7:47 end_time:7:47,
word:create start_time:7:47 end_time:7:48,
word:an start_time:7:48 end_time:7:48,
word:image start_time:7:48 end_time:7:48,
word:for start_time:7:48 end_time:7:48,
word:eyes start_time:7:48 end_time:7:49,
word:so start_time:7:49 end_time:7:49,
word:this start_time:7:49 end_time:7:50,
word:is start_time:7:50 end_time:7:50,
word:being start_time:7:50 end_time:7:50,
word:coming start_time:7:50 end_time:7:50,
word:out start_time:7:50 end_time:7:50,
word:of start_time:7:50 end_time:7:51,
word:the start_time:7:51 end_time:7:51,
word:machine start_time:7:51 end_time:7:51,
word:here start_time:7:51 end_time:7:51,
word:as start_time:7:51 end_time:7:52,
word:it start_time:7:52 end_time:7:53,
word:passes start_time:7:53 end_time:7:53,
word:over start_time:7:53 end_time:7:53,
word:each start_time:7:53 end_time:7:54,
word:single start_time:7:54 end_time:7:54,
word:point start_time:7:54 end_time:7:54,
word:of start_time:7:54 end_time:7:55,
word:the start_time:7:55 end_time:7:55,
word:specimen start_time:7:55 end_time:7:55,
word:so start_time:7:55 end_time:7:56,
word:it start_time:7:56 end_time:7:56,
word:takes start_time:7:56 end_time:7:56,
word:quite start_time:7:56 end_time:7:56,
word:a start_time:7:56 end_time:7:56,
word:while start_time:7:56 end_time:7:56,
word:and start_time:7:56 end_time:7:57,
word:it start_time:7:57 end_time:7:57,
word:creates start_time:7:57 end_time:7:58,
word:an start_time:7:58 end_time:7:58,
word:image start_time:7:58 end_time:7:58,
word:of start_time:7:58 end_time:7:58,
word:a start_time:7:58 end_time:7:58,
word:time start_time:7:58 end_time:7:59,
word:so start_time:7:59 end_time:7:59,
word:essentially start_time:7:59 end_time:8:0,
word:the start_time:8:0 end_time:8:0,
word:lasers start_time:8:0 end_time:8:0,
word:pointed start_time:8:0 end_time:8:1,
word:it start_time:8:1 end_time:8:1,
word:at start_time:8:1 end_time:8:1,
word:a start_time:8:1 end_time:8:1,
word:specific start_time:8:1 end_time:8:2,
word:point start_time:8:2 end_time:8:2,
word:and start_time:8:2 end_time:8:3,
word:then start_time:8:3 end_time:8:3,
word:the start_time:8:3 end_time:8:3,
word:next start_time:8:3 end_time:8:3,
word:point start_time:8:3 end_time:8:4,
word:in start_time:8:4 end_time:8:4,
word:the start_time:8:4 end_time:8:4,
word:next start_time:8:4 end_time:8:4,
word:point start_time:8:4 end_time:8:5,
word:and start_time:8:5 end_time:8:5,
word:the start_time:8:5 end_time:8:5,
word:next start_time:8:5 end_time:8:5,
word:point start_time:8:5 end_time:8:5,
word:and start_time:8:5 end_time:8:6,
word:if start_time:8:6 end_time:8:6,
word:it start_time:8:6 end_time:8:6,
word:does start_time:8:6 end_time:8:7,
word:a start_time:8:7 end_time:8:7,
word:whole start_time:8:7 end_time:8:7,
word:route start_time:8:7 end_time:8:7,
word:across start_time:8:7 end_time:8:8,
word:the start_time:8:8 end_time:8:8,
word:whole start_time:8:8 end_time:8:8,
word:cell start_time:8:8 end_time:8:9,
word:seems start_time:8:9 end_time:8:10,
word:to start_time:8:10 end_time:8:10,
word:like start_time:8:10 end_time:8:11,
word:on start_time:8:11 end_time:8:11,
word:them start_time:8:11 end_time:8:11,
word:receives start_time:8:11 end_time:8:11,
word:it start_time:8:11 end_time:8:12,
word:back start_time:8:12 end_time:8:12,
word:again start_time:8:12 end_time:8:12,
word:and start_time:8:12 end_time:8:13,
word:every start_time:8:13 end_time:8:13,
word:time start_time:8:13 end_time:8:13,
word:it start_time:8:13 end_time:8:14,
word:forms start_time:8:14 end_time:8:14,
word:a start_time:8:14 end_time:8:14,
word:nice start_time:8:14 end_time:8:14,
word:3D start_time:8:14 end_time:8:15,
word:image start_time:8:15 end_time:8:15,
word:so start_time:8:15 end_time:8:16,
word:these start_time:8:16 end_time:8:16,
word:are start_time:8:16 end_time:8:16,
word:more start_time:8:16 end_time:8:16,
word:expensive start_time:8:16 end_time:8:16,
word:than start_time:8:16 end_time:8:17,
word:light start_time:8:17 end_time:8:17,
word:microscopes start_time:8:17 end_time:8:17,
word:because start_time:8:17 end_time:8:18,
word:of start_time:8:18 end_time:8:18,
word:the start_time:8:18 end_time:8:18,
word:laser start_time:8:18 end_time:8:18,
word:but start_time:8:18 end_time:8:19,
word:I start_time:8:19 end_time:8:19,
word:do start_time:8:19 end_time:8:19,
word:have start_time:8:19 end_time:8:20,
word:a start_time:8:20 end_time:8:20,
word:very start_time:8:20 end_time:8:20,
word:very start_time:8:20 end_time:8:20,
word:high start_time:8:20 end_time:8:20,
word:resolution start_time:8:20 end_time:8:21,
word:and start_time:8:21 end_time:8:22,
word:I start_time:8:22 end_time:8:22,
word:can start_time:8:22 end_time:8:22,
word:also start_time:8:22 end_time:8:22,
word:share start_time:8:22 end_time:8:23,
word:specimens start_time:8:23 end_time:8:23,
word:in start_time:8:23 end_time:8:23,
word:three start_time:8:23 end_time:8:24,
word:dimensions start_time:8:24 end_time:8:24,
word:which start_time:8:24 end_time:8:25,
word:is start_time:8:25 end_time:8:25,
word:very start_time:8:25 end_time:8:25,
word:good start_time:8:25 end_time:8:25,
word:for start_time:8:25 end_time:8:25,
word:understanding start_time:8:25 end_time:8:26,
word:how start_time:8:26 end_time:8:26,
word:things start_time:8:26 end_time:8:26,
word:work start_time:8:26 end_time:8:27,
word:and start_time:8:27 end_time:8:27,
word:house start_time:8:27 end_time:8:27,
word:Moon start_time:8:27 end_time:8:28,
word:up start_time:8:28 end_time:8:28,
word:pieces start_time:8:28 end_time:8:28,
word:of start_time:8:28 end_time:8:28,
word:Life start_time:8:28 end_time:8:29,
word:function start_time:8:29 end_time:8:30,
word:hey start_time:8:30 end_time:8:31,
word:guys start_time:8:31 end_time:8:31,
word:I start_time:8:31 end_time:8:31,
word:hope start_time:8:31 end_time:8:31,
word:you start_time:8:31 end_time:8:31,
word:enjoyed start_time:8:31 end_time:8:32,
word:the start_time:8:32 end_time:8:32,
word:video start_time:8:32 end_time:8:32,
word:If start_time:8:32 end_time:8:33,
word:you're start_time:8:33 end_time:8:33,
word:looking start_time:8:33 end_time:8:33,
word:for start_time:8:33 end_time:8:33,
word:an start_time:8:33 end_time:8:33,
word:amazing start_time:8:33 end_time:8:33,
word:a-level start_time:8:33 end_time:8:34,
word:biology start_time:8:34 end_time:8:34,
word:resource start_time:8:34 end_time:8:35,
word:show start_time:8:35 end_time:8:35,
word:me start_time:8:35 end_time:8:36,
word:today start_time:8:36 end_time:8:36,
word:in start_time:8:36 end_time:8:36,
word:my start_time:8:36 end_time:8:36,
word:series start_time:8:36 end_time:8:37,
word:of start_time:8:37 end_time:8:37,
word:engaging start_time:8:37 end_time:8:37,
word:bite-size start_time:8:37 end_time:8:38,
word:video start_time:8:38 end_time:8:38,
word:tutorials start_time:8:38 end_time:8:39,
word:just start_time:8:39 end_time:8:39,
word:click start_time:8:39 end_time:8:40,
word:the start_time:8:40 end_time:8:40,
word:sniper start_time:8:40 end_time:8:40,
word:by start_time:8:40 end_time:8:40,
word:smiley start_time:8:40 end_time:8:41,
word:face start_time:8:41 end_time:8:41,
word:and start_time:8:41 end_time:8:41,
word:together start_time:8:41 end_time:8:41,
word:let's start_time:8:41 end_time:8:42,
word:make start_time:8:42 end_time:8:42,
word:a start_time:8:42 end_time:8:42,
word:level start_time:8:42 end_time:8:43,
word:biology start_time:8:43 end_time:8:43,
word:a start_time:8:43 end_time:8:43,
word:walk start_time:8:43 end_time:8:43,
word:in start_time:8:43 end_time:8:44,
word:the start_time:8:44 end_time:8:44,
word:park start_time:8:44 end_time:8:44,
link:https://www.youtube.com/watch?v=1OS6Sl0vB98